,Topic,Count,Name,Representation,keyBERT,mmr,combined,zephyr,Representative_Docs
0,-1,959,-1_106_title_sexual_department,"['106', 'title', 'sexual', 'department', 'ix', 'title ix', 'harassment', 'party', 'recipient', 'sexual harassment']","['sexual harassment', 'july 28 2021 appeals pending', 'harassment', '2021 appeals pending', '2021 appeals', 'july 28 2021 appeals', 'appeals pending', '28 2021 appeals pending', 'title ix', '2021 appeals pending 1st', '2021 appeals pending 1st cir', 'appeals pending 1st', '28 2021 appeals pending 1st', '28 2021 appeals', 'appeals pending 1st cir', 'appeals', 'court', 'final regulations', 'grievance', 'enforce', 'regarding responsibility', 'victim', 'law', 'cross examination live hearing', 'rights', 'examination live hearing', 'regulations', 'determination regarding responsibility', 'complaint', 'witness']","['106', 'title', 'sexual', 'department', 'ix', 'title ix', 'harassment', 'party', 'recipient', 'sexual harassment']","['sexual harassment', '2021 appeals pending', 'july 28 2021 appeals', 'appeals pending', 'title ix', '2021 appeals pending 1st cir', 'court', 'final regulations', 'grievance', 'cross examination live hearing']","['\n        Title IX Sexual Harassment Grievance Process', '', '', '', '', '', '', '', '', '']",
1,0,137,0_institution_violence_shall_sexual,"['institution', 'violence', 'shall', 'sexual', 'section', 'student', 'assault', 'person', 'sexual assault', 'stalking']","['sexual harassment sexual assault', 'harassment sexual assault dating violence', 'harassment sexual assault', 'sexual harassment sexual assault dating', 'sexual assault dating violence stalking', 'harassment sexual assault dating', 'sexual harassment', 'sexual assault dating violence', 'sexual harassment sexual', 'assault dating violence stalking', 'harassment sexual', 'sexual assault', 'postsecondary educational institution shall', 'harassment', 'violence stalking', 'sexual assault dating', 'postsecondary educational institution', 'dating violence stalking', 'assault dating violence', 'enforcement', 'disciplinary', 'assault', 'postsecondary educational', 'institution shall', 'assault dating', 'dating violence', 'postsecondary', 'violation', 'educational institution', 'campus']","['institution', 'violence', 'shall', 'sexual', 'section', 'student', 'assault', 'person', 'sexual assault', 'stalking']","['sexual harassment sexual assault', 'harassment sexual assault dating violence', 'sexual harassment sexual assault dating', 'sexual assault dating violence stalking', 'sexual assault dating violence', 'assault dating violence stalking', 'sexual assault', 'postsecondary educational institution shall', 'violence stalking', 'enforcement']","['\n        Label: Institutional Policy on Sexual Harassment, Violence, and Stalking', '', '', '', '', '', '', '', '', '']",
2,1,101,1_106_recipient_process_title,"['106', 'recipient', 'process', 'title', 'department', '106 45', '45', 'complainant', 'ix', 'title ix']","['sexual harassment', 'harassment', 'title ix', 'grievance process', 'grievance', 'formal complaint', 'enforce', 'discrimination', 'court order', 'federal court order', 'allegations', 'court order vacated following', 'court order vacated', 'federal court order vacated following', 'ix', 'federal court order vacated', 'court order vacated following language', 'complaint', 'final regulations', 'complainant', 'regulations', 'federal court', 'order vacated following', 'july 28 2021 appeals pending', 'order vacated following language 34', 'order vacated', 'recipient', '2021 appeals pending', 'law', 'appeals pending']","['106', 'recipient', 'process', 'title', 'department', '106 45', '45', 'complainant', 'ix', 'title ix']","['sexual harassment', 'harassment', 'title ix', 'grievance process', 'formal complaint', 'court order', 'court order vacated', 'federal court order vacated following', 'court order vacated following language', '2021 appeals pending']","['\n        Title IX Grievance Process', '', '', '', '', '', '', '', '', '']",
3,2,76,2_cross_cross examination_examination_party,"['cross', 'cross examination', 'examination', 'party', 'hearing', 'questions', 'witness', 'decision', 'live', 'maker']","['cross examination live hearing', 'cross examination live hearing decision', 'examination live hearing decision', 'examination live hearing', 'examination live hearing decision maker', 'live hearing decision', 'cross examination live', 'party witness reaching determination regarding', 'witness reaching determination regarding responsibility', 'statement party witness reaching determination', 'cross examination', 'party witness reaching determination', 'statement party witness', 'witness reaching determination regarding', 'live hearing', 'statement party witness reaching', 'hearing decision', 'examination live', 'hearings', 'rely statement party witness reaching', 'live hearing decision maker', 'rely statement party witness', 'live hearing decision maker rely', 'witness reaching determination', 'witnesses', 'party witness does', 'party witness reaching', 'party witness', 'hearing decision maker rely statement', 'court']","['cross', 'cross examination', 'examination', 'party', 'hearing', 'questions', 'witness', 'decision', 'live', 'maker']","['cross examination live hearing', 'cross examination live hearing decision', 'examination live hearing decision', 'examination live hearing', 'examination live hearing decision maker', 'cross examination live', 'witness reaching determination regarding', 'hearing decision', 'rely statement party witness reaching', 'hearing decision maker rely statement']","['\n        Label: Cross-Examination in Live Hearings for Sexual Harassment Complaints', '', '', '', '', '', '', '', '', '']",
4,3,76,3_106_department_witness_party,"['106', 'department', 'witness', 'party', 'party witness', 'recipient', 'sexual', '2021', 'harassment', '45']","['sexual harassment', 'harassment', 'regarding responsibility victim rights law', 'determination regarding responsibility victim rights', 'responsibility victim rights law', 'regarding responsibility victim rights', 'victim rights law center et', 'reaching determination regarding responsibility victim', 'responsibility victim rights', 'regarding responsibility victim', 'responsibility victim rights law center', 'determination regarding responsibility victim', 'witness reaching determination regarding responsibility', 'statement party witness reaching determination', 'statement party witness reaching', 'statement party witness', 'party witness reaching determination regarding', 'complainant', 'witness reaching determination regarding', 'responsibility victim', 'title ix', 'court', 'party witness reaching determination', 'rights law center et al', 'rely statement party witness reaching', 'witness reaching determination', 'rely statement party witness', 'rights law center et', 'rights law', 'regarding responsibility']","['106', 'department', 'witness', 'party', 'party witness', 'recipient', 'sexual', '2021', 'harassment', '45']","['sexual harassment', 'regarding responsibility victim rights law', 'determination regarding responsibility victim rights', 'responsibility victim rights law', 'regarding responsibility victim rights', 'victim rights law center et', 'reaching determination regarding responsibility victim', 'responsibility victim rights law center', 'witness reaching determination regarding responsibility', 'statement party witness reaching']","[""\n        Label: Department's Final Rule on Sexual Harassment Grievance Process"", '', '', '', '', '', '', '', '', '']",
5,4,62,4_state_carolina_south_south carolina,"['state', 'carolina', 'south', 'south carolina', 'services', 'office', 'administration', 'department administration', 'department', 'library']","['state agency', 'state agencies', 'department administration', 'department administration operating', 'operating unit department administration', 'department administration operating unit department', 'administration operating unit department', 'department', 'law enforcement', 'state federal', 'agencies', 'state library', 'carolina state library', 'administration operating', 'military', 'south carolina state library', 'agency', 'enforcement', 'state', 'administration', 'emergency management', 'carolina state', 'south carolina state', 'sc', 'government', 'services', 'statewide', 'carolina', 'south carolina', 'guard']","['state', 'carolina', 'south', 'south carolina', 'services', 'office', 'administration', 'department administration', 'department', 'library']","['state agencies', 'department administration', 'department administration operating', 'department administration operating unit department', 'administration operating unit department', 'law enforcement', 'state library', 'carolina state library', 'south carolina state library', 'carolina state']","['\n        South Carolina State Services and Departments', '', '', '', '', '', '', '', '', '']",
6,5,61,5_school_harassment_student_students,"['school', 'harassment', 'student', 'students', 'sexual', 'conduct', 'environment', 'hostile environment', 'hostile', 'sexual harassment']","['harassment student', 'student harassed', 'harassment school', 'effects harassment', 'harassment', 'based harassment', 'sexual harassment', 'harassment occurred', 'harassed', 'harassing', 'grievance procedures', 'sexual conduct', 'alleged harasser', 'school employee', 'harasser', 'grievance', 'create hostile', 'sex discrimination', 'incidents', 'conduct', 'discrimination', 'title ix', 'complaint', 'create hostile environment', 'hostile', 'hostile environment', 'complaints', 'students', 'violence', 'school']","['school', 'harassment', 'student', 'students', 'sexual', 'conduct', 'environment', 'hostile environment', 'hostile', 'sexual harassment']","['harassment student', 'student harassed', 'harassment school', 'effects harassment', 'based harassment', 'sexual harassment', 'harassment occurred', 'grievance procedures', 'conduct', 'create hostile environment']","['\n        Label: School Sexual Harassment Conduct Environment Hostile', '', '', '', '', '', '', '', '', '']",
7,6,53,6_sexual_assault_commenters_2021,"['sexual', 'assault', 'commenters', '2021', 'party witness', 'witness', 'party', 'sexual assault', '106', 'department']","['sexual assault', 'victim rights law', 'sexual harassment', 'regarding responsibility victim rights law', 'victim rights law center et', 'responsibility victim rights law', 'regarding responsibility victim rights', 'determination regarding responsibility victim rights', 'responsibility victim rights law center', 'responsibility victim rights', 'harassment', 'victim rights law center', 'regarding responsibility victim', 'assault', 'determination regarding responsibility victim', 'reaching determination regarding responsibility victim', 'mass july 28 2021 appeals', 'appeals', 'responsibility victim', 'witness does cross examination', 'rights law center et al', 'rights law center et', 'party witness does cross examination', 'victim', 'witness does cross examination live', 'rights law', 'regarding responsibility', 'rights law center', 'does cross examination live hearing', '45 party witness does']","['sexual', 'assault', 'commenters', '2021', 'party witness', 'witness', 'party', 'sexual assault', '106', 'department']","['sexual assault', 'victim rights law', 'regarding responsibility victim rights law', 'victim rights law center et', 'responsibility victim rights law center', 'mass july 28 2021 appeals', 'witness does cross examination', 'party witness does cross examination', 'witness does cross examination live', '45 party witness does']","[""\n        Label: Commenters' Perspectives on Sexual Assault Reporting Requirements in 2021 Department Regulations"", '', '', '', '', '', '', '', '', '']",
8,7,50,7_support_child_order_state,"['support', 'child', 'order', 'state', 'obligor', 'support order', '63 17', '63', 'tribunal', 'shall']","['support enforcement', 'child support', 'support order', 'tribunal state', 'support obligation', 'tribunal', 'court shall', 'enforcement', 'jurisdiction', 'court', 'clerk court', 'issued', '2008 act 361', '2008 act', 'pursuant section', 'state', 'state foreign', 'history 2008 act 361', 'section 63 17', 'history 2008 act', 'pursuant', 'department shall', 'obligation', 'support', 'law', 'order', 'department social services', 'withholding', 'section 63', 'state foreign country']","['support', 'child', 'order', 'state', 'obligor', 'support order', '63 17', '63', 'tribunal', 'shall']","['support enforcement', 'child support', 'support order', 'tribunal state', 'support obligation', 'issued', '2008 act 361', 'pursuant section', 'department social services', 'state foreign country']","['\n        Child Support Orders Across State Lines', '', '', '', '', '', '', '', '', '']",
9,8,45,8_evidence_party_parties_106 45,"['evidence', 'party', 'parties', '106 45', '45', '106', 'recipient', 'department', 'witness', 'provision']","['court order', 'evidence', 'investigative', 'party witness does cross examination', 'investigative report', 'witness does cross examination', 'grievance process', 'court', 'federal court order vacated following', 'appeals', 'reaching determination regarding responsibility victim', 'determination regarding responsibility victim rights', 'determination regarding responsibility victim', 'witness does cross examination live', 'investigator', 'regarding responsibility victim rights law', 'allegations', 'regarding responsibility victim rights', 'final regulations', 'witness', 'regarding responsibility victim', 'regarding responsibility', '45 party witness does', 'party witness', 'responsibility victim rights law', '106 45 party witness does', 'does cross examination live hearing', 'party witness does cross', 'order vacated following', 'grievance']","['evidence', 'party', 'parties', '106 45', '45', '106', 'recipient', 'department', 'witness', 'provision']","['party witness does cross examination', 'investigative report', 'witness does cross examination', 'grievance process', 'court', 'federal court order vacated following', 'determination regarding responsibility victim rights', 'witness does cross examination live', '106 45 party witness does', 'party witness does cross']","['\n        Label: ""Evidence Sharing and Party Responses in Title IX Investigations""', '', '', '', '', '', '', '', '', '']",
10,9,45,9_health_insurance_coverage_health insurance,"['health', 'insurance', 'coverage', 'health insurance', 'plan', 'insurer', 'group', 'small', 'benefits', 'employer']","['group health insurance', 'health insurance plans', 'health insurance plan', 'health insurance', 'group health plan', 'health insurance coverage', 'insurance plan', 'insurance coverage', 'insurance plans', 'employer insurer', 'health plan', 'health insurance issuer', 'insurance', 'small employer insurer', 'insurer', 'policy contract', 'insurance issuer', 'health care', 'insured', 'group health', 'health status', 'health maintenance organization', 'provisions', 'coverage', 'defined section 38', 'medical care', 'policy', 'health maintenance', 'employer', 'employee']","['health', 'insurance', 'coverage', 'health insurance', 'plan', 'insurer', 'group', 'small', 'benefits', 'employer']","['group health insurance', 'health insurance plans', 'health insurance plan', 'health insurance', 'group health plan', 'health insurance coverage', 'employer insurer', 'health insurance issuer', 'health maintenance organization', 'defined section 38']","['\n        Health Insurance Coverage in Large and Small Groups', '', '', '', '', '', '', '', '', '']",
11,10,39,10_maryland_02_gov_02 04,"['maryland', '02', 'gov', '02 04', 'maryland gov', '04', 'massachusetts', '01 02', '2022', 'maryland gov regulations pages']","['dsd maryland gov regulations pages', 'maryland gov regulations pages', 'maryland gov regulations', 'dsd maryland gov regulations', 'maryland gov regulations pages forms', 'dsd maryland gov', 'maryland gov', 'regulations pages forms allitems aspxhtmlfalseaspx01', 'gov regulations pages forms allitems', 'dsd maryland', 'regulations pages forms allitems', 'maryland', 'md', 'gov regulations pages forms', 'regulations pages forms', 'forms allitems aspxhtmlfalseaspx01 02 04', 'gov regulations pages', 'forms allitems aspxhtmlfalseaspx01 02', 'regulations pages', 'pages forms allitems aspxhtmlfalseaspx01 02', 'forms allitems aspxhtmlfalseaspx01', 'allitems aspxhtmlfalseaspx01 02', 'pages forms allitems aspxhtmlfalseaspx01', 'allitems aspxhtmlfalseaspx01 02 04', 'allitems aspxhtmlfalseaspx01', 'forms allitems', 'gov regulations', 'attorney general office', 'pages forms allitems', 'regulations']","['maryland', '02', 'gov', '02 04', 'maryland gov', '04', 'massachusetts', '01 02', '2022', 'maryland gov regulations pages']","['dsd maryland gov regulations pages', 'maryland gov regulations pages', 'maryland gov regulations', 'dsd maryland gov regulations', 'maryland gov regulations pages forms', 'dsd maryland gov', 'maryland gov', 'regulations pages forms allitems aspxhtmlfalseaspx01', 'gov regulations pages forms allitems', 'gov regulations pages forms']","['\n        Label: Maryland Charitable Organizations Registration Requirements', '', '', '', '', '', '', '', '', '']",
12,11,39,11_kansas_education_materials_school,"['kansas', 'education', 'materials', 'school', 'course materials', 'career', 'services', 'july december', 'materials july december', 'materials july']","['ks', 'education councils', 'kansas', 'emergency safety interventions esi', 'kansas state', 'school district', 'safety interventions esi', 'interventions esi', 'department education', 'emergency safety interventions', 'integrated accountability', 'special education', 'education course materials', 'schools', 'homeless children youth', 'education', 'education course', 'safety interventions', 'advisory', 'certification', 'homeless children', 'readiness', 'emergency safety', 'integrated', 'services career', 'interventions', 'certification course materials', 'certification course', 'children youth', 'services']","['kansas', 'education', 'materials', 'school', 'course materials', 'career', 'services', 'july december', 'materials july december', 'materials july']","['ks', 'education councils', 'emergency safety interventions esi', 'safety interventions esi', 'emergency safety interventions', 'integrated accountability', 'special education', 'homeless children youth', 'readiness', 'interventions']","['\n        Label: Kansas Education Materials July-December', '', '', '', '', '', '', '', '', '']",
13,12,39,12_religious_regulations_exemption_department,"['religious', 'regulations', 'exemption', 'department', 'religious exemption', 'final', 'final regulations', 'federal', 'ix', 'title']","['religious exemption', 'exemption', 'title ix', 'department longer enforce portion provision', 'department longer enforce portion', 'enforce portion', 'cir department longer enforce portion', 'department longer enforce', 'longer enforce portion', 'cir department longer enforce', '1st cir department longer enforce', 'enforce portion provision related statements', 'july 28 2021 appeals pending', 'enforce', 'longer enforce portion provision related', 'longer enforce', '2021 appeals pending', 'longer enforce portion provision', 'enforce portion provision related', 'enforce portion provision', '2021 appeals', 'appeals pending', 'july 28 2021 appeals', '2021 appeals pending 1st', '28 2021 appeals pending', 'regulations', 'appeals pending 1st', 'final regulations', 'appeals', '28 2021 appeals pending 1st']","['religious', 'regulations', 'exemption', 'department', 'religious exemption', 'final', 'final regulations', 'federal', 'ix', 'title']","['religious exemption', 'title ix', 'department longer enforce portion provision', 'department longer enforce portion', 'cir department longer enforce portion', 'longer enforce portion', '1st cir department longer enforce', 'longer enforce portion provision related', 'appeals pending', 'final regulations']","['\n        Label: Final Regulations for Religious Exemptions Under Title IX', '', '', '', '', '', '', '', '', '']",
14,13,38,13_institution_student_academic_program,"['institution', 'student', 'academic', 'program', 'admission', 'section', 'student regent', 'regent', 'subsection', 'general academic']","['position student regent', 'student regent', 'enrollment', 'automatic admission', 'enrolled', 'applicants', 'admission', 'admission subsection', 'participating student', 'fall semester', 'offer admission', 'enrollment capacity', 'institution section', 'semester', 'applicant', 'undergraduate students', 'position student', 'board regents', 'student organization', 'general academic teaching institution', 'institution shall', 'academic teaching institution', 'attend', 'student', 'institution higher education', 'teaching institution', 'institution higher', 'students', 'undergraduate', 'institution']","['institution', 'student', 'academic', 'program', 'admission', 'section', 'student regent', 'regent', 'subsection', 'general academic']","['position student regent', 'student regent', 'enrollment', 'automatic admission', 'undergraduate students', 'position student', 'board regents', 'student organization', 'general academic teaching institution', 'institution higher education']","['\n        Label: Student Admission Program for General Academic Teaching Institutions', '', '', '', '', '', '', '', '', '']",
15,14,38,14_title_federal_assistance_title ix,"['title', 'federal', 'assistance', 'title ix', 'ix', 'recipient', 'federal financial', 'financial assistance', 'federal financial assistance', 'financial']","['title ix regulations', 'ix regulations', 'title ix common rule', 'federal assistance', 'receiving federal', 'federal financial assistance', 'title ix common', 'title ix', 'statutes', 'discriminatory', 'ix common rule', 'discrimination', 'regulations', 'recipient shall', 'civil rights', 'financial assistance', 'federal', 'federal funds', 'section 504', 'compliance', 'federal financial', 'federal government', 'rights', 'ix', 'recipient', 'recipients', 'ix common', 'applicant', 'education program', 'property']","['title', 'federal', 'assistance', 'title ix', 'ix', 'recipient', 'federal financial', 'financial assistance', 'federal financial assistance', 'financial']","['title ix regulations', 'ix regulations', 'title ix common rule', 'receiving federal', 'federal financial assistance', 'title ix common', 'title ix', 'ix common rule', 'civil rights', 'section 504']","['\n        Title IX Recipient Financial Assistance', '', '', '', '', '', '', '', '', '']",
16,15,37,15_party_106_department_witness,"['party', '106', 'department', 'witness', '2021', 'party witness', '45', '106 45', 'hearing', 'regulations']","['mass july 28 2021 appeals', 'appeals', 'witness does cross examination', 'party witness does cross examination', 'witness does cross examination live', 'does cross examination live hearing', 'enforce', 'witness', 'law', 'witness does cross', 'party witness', 'party witness does cross', 'hearing', 'responsibility victim', 'regarding responsibility', 'live hearing', '45 party witness does cross', 'regulations', 'reaching determination regarding responsibility', 'determination regarding responsibility', 'rights', 'determination regarding', 'does cross examination live', 'cross examination', 'does cross examination', 'reaching determination regarding', 'responsibility', 'federal', 'law center et al cardona', 'determination']","['party', '106', 'department', 'witness', '2021', 'party witness', '45', '106 45', 'hearing', 'regulations']","['mass july 28 2021 appeals', 'witness does cross examination', 'party witness does cross examination', 'witness does cross examination live', 'does cross examination live hearing', 'witness does cross', '45 party witness does cross', 'reaching determination regarding responsibility', 'does cross examination live', 'cross examination']","['\n        Label: Final Regulations for Cross-Examination of Party Witnesses in Hearings Under Title IX', '', '', '', '', '', '', '', '', '']",
17,16,34,16_title_ix_title ix_complainant,"['title', 'ix', 'title ix', 'complainant', 'coordinator', '106', 'ix coordinator', 'title ix coordinator', 'formal', 'recipient']","['title ix coordinator', 'ix coordinator', 'title ix', 'formal complaint', 'regarding responsibility victim rights', 'responsibility victim rights law center', 'reaching determination regarding responsibility victim', 'harassment', 'regarding responsibility victim', 'grievance', 'complaint', 'complainant', 'ix', 'sexual harassment', 'final regulations', 'mass july 28 2021 appeals', 'appeals', 'responsibility victim', 'regarding responsibility', 'regulations', 'rights', 'reaching determination regarding responsibility', 'determination regarding responsibility', 'statement party witness', 'rely statement party witness', 'victim', 'responsibility', 'coordinator', 'law center et al cardona', 'witness does']","['title', 'ix', 'title ix', 'complainant', 'coordinator', '106', 'ix coordinator', 'title ix coordinator', 'formal', 'recipient']","['title ix coordinator', 'formal complaint', 'regarding responsibility victim rights', 'responsibility victim rights law center', 'reaching determination regarding responsibility victim', 'grievance', 'sexual harassment', 'final regulations', 'mass july 28 2021 appeals', 'statement party witness']","['\n        Title IX Coordinator Responsibilities', '', '', '', '', '', '', '', '', '']",
18,17,33,17_institution_higher education_higher_section,"['institution', 'higher education', 'higher', 'section', 'education', 'board', 'institution higher education', 'institution higher', 'student', 'shall']","['texas higher education coordinating', 'texas higher education coordinating board', 'texas higher education', 'enrolled', 'higher education coordinating board', 'higher education coordinating', 'student', 'education coordinating board', 'general academic teaching institution', 'institution higher education', 'texas higher', 'courses', 'education coordinating', 'required section', 'institution higher', 'student regent', 'college', 'higher education', 'academic teaching institution', 'assigned section 61', 'assigned section 61 003', 'applicants', 'teaching institution', 'board institution', 'general academic teaching', 'academic teaching', 'selective service status', 'section 61 003', 'meaning assigned section', 'compliance']","['institution', 'higher education', 'higher', 'section', 'education', 'board', 'institution higher education', 'institution higher', 'student', 'shall']","['texas higher education coordinating', 'texas higher education coordinating board', 'enrolled', 'higher education coordinating board', 'education coordinating board', 'general academic teaching institution', 'institution higher education', 'courses', 'required section', 'meaning assigned section']","['\n        Label: Institutional Policies for Student Absences and Equity Ownership in Higher Education', '', '', '', '', '', '', '', '', '']",
19,18,31,18_harassment_employer_housing_sexual,"['harassment', 'employer', 'housing', 'sexual', 'supervisor', 'eeoc', 'employment', 'employee', 'charges', 'sexual harassment']","['harassment charges', 'harassment supervisors', 'unlawful harassment', 'harassment', 'liability harassment', 'correct harassment', 'sexual harassment charges', 'sexual harassment', 'discrimination', 'employment action', 'discriminatory', 'complaint procedure', 'employer liability', 'tangible employment action', 'harasser', 'retaliation', 'conduct', 'affirmative defense', 'employer', 'plaintiff', 'statutes', 'employment', 'employee', 'employers', 'complaint', 'alleged', 'supervisors', 'hostile', 'fair housing', 'workplace']","['harassment', 'employer', 'housing', 'sexual', 'supervisor', 'eeoc', 'employment', 'employee', 'charges', 'sexual harassment']","['harassment charges', 'harassment supervisors', 'unlawful harassment', 'harassment', 'liability harassment', 'correct harassment', 'sexual harassment charges', 'sexual harassment', 'discrimination', 'employment action']","['\n        Label: Employer Liability for Harassment by Supervisors and Housing Discrimination', '', '', '', '', '', '', '', '', '']",
20,19,27,19_ferpa_information_department_records,"['ferpa', 'information', 'department', 'records', 'directly', 'student', 'party', 'regulations', 'title', 'act']","['related allegations raised formal complaint', 'allegations raised formal complaint', 'directly related allegations raised formal', 'related allegations raised formal', 'harassment', 'education records', 'directly related allegations', 'education record', 'directly related allegations raised', 'ferpa', 'related allegations', 'disclose', 'allegations raised formal', 'related allegations raised', 'raised formal complaint', 'disclosure', 'written consent', 'allegations', 'formal complaint', 'investigation', 'final regulations', 'regulations', 'allegations raised', 'title ix', 'complaint', 'consent', 'information', 'evidence', 'appeals', 'law']","['ferpa', 'information', 'department', 'records', 'directly', 'student', 'party', 'regulations', 'title', 'act']","['related allegations raised formal complaint', 'allegations raised formal complaint', 'directly related allegations raised formal', 'related allegations raised formal', 'education records', 'directly related allegations', 'directly related allegations raised', 'disclose', 'related allegations raised', 'title ix']","['\n        FERPA Compliance in Student Disciplinary Proceedings', '', '', '', '', '', '', '', '', '']",
21,20,26,20_pharmacy_review_health_pharmacy benefits,"['pharmacy', 'review', 'health', 'pharmacy benefits', 'external', 'pharmacy benefits manager', 'benefits manager', 'external review', 'independent review', 'care']","['covered person authorized', 'final adverse determination', 'adverse determination final adverse determination', 'external review', 'determination final adverse determination', 'independent review organization shall', 'covered person authorized representative', 'adverse determination final adverse', 'adverse determination', 'determination final adverse', 'health care service treatment', 'independent review', 'review organization shall', 'adverse determination final', 'care service treatment', 'coverage', 'health care service', 'independent review organization', 'clinical', 'health care', 'service treatment', 'health carrier', 'prescription', 'final adverse', 'review organization', 'insurance', 'adverse', 'review', 'medical', 'treatment']","['pharmacy', 'review', 'health', 'pharmacy benefits', 'external', 'pharmacy benefits manager', 'benefits manager', 'external review', 'independent review', 'care']","['adverse determination final adverse determination', 'independent review organization shall', 'covered person authorized representative', 'adverse determination final adverse', 'determination final adverse', 'health care service treatment', 'coverage', 'prescription', 'final adverse', 'adverse']","['\n        Pharmacy Benefits Manager External Review', '', '', '', '', '', '', '', '', '']",
22,21,23,21_sex_single sex_single_school,"['sex', 'single sex', 'single', 'school', 'title', 'substantially', 'ix', 'title ix', 'extracurricular', 'classes']","['class extracurricular', 'single sex classes', 'classes extracurricular', 'class extracurricular activity', 'classes extracurricular activities', 'sex classes', 'extracurricular', 'extracurricular activity', 'extracurricular activities', 'single sex class', 'sex class', 'classes', 'title ix', 'students', 'title ix resource', 'title ix resource guide', 'athletics', 'single sex', 'available http www ed gov', 'members sex', 'class', 'athletic', 'educational', 'http www ed gov', 'ix resource', 'www ed gov', 'www ed', 'ix', 'available http www ed', 'nonvocational']","['sex', 'single sex', 'single', 'school', 'title', 'substantially', 'ix', 'title ix', 'extracurricular', 'classes']","['class extracurricular', 'single sex classes', 'classes extracurricular', 'class extracurricular activity', 'classes extracurricular activities', 'extracurricular', 'extracurricular activity', 'extracurricular activities', 'title ix resource', 'available http www ed gov']","['\n        Label: Title IX Compliance for Single-Sex Classes and Extracurricular Activities', '', '', '', '', '', '', '', '', '']",
23,22,21,22_ch_leg ch_leg_credit,"['ch', 'leg ch', 'leg', 'credit', 'acts', 'sec', 'course', 'eff', 'education', 'institution']","['semester credit', 'semester credit hours', 'institution higher education', 'semester term', 'higher education', 'semester', 'courses', 'institution higher', 'course credit', 'developmental', 'student', 'undergraduate', 'admission', 'degree plan', 'academic', 'college', 'education', 'coursework', 'common admission', 'institution', 'admission application', 'common admission application form use', 'admission application form use', 'common admission application', 'credit hours', 'freshman', 'degree', 'person seeking admission', 'use person seeking admission', 'section']","['ch', 'leg ch', 'leg', 'credit', 'acts', 'sec', 'course', 'eff', 'education', 'institution']","['semester credit', 'semester credit hours', 'institution higher education', 'semester', 'courses', 'course credit', 'undergraduate', 'admission', 'common admission', 'admission application']","['\n        Label: Texas Higher Education Developmental Coursework Funding', '', '', '', '', '', '', '', '', '']",
24,23,21,23_google_chrome_cloud_firefox,"['google', 'chrome', 'cloud', 'firefox', 'service', 'terms service', 'data', 'terms', 'translate', 'browser']","['service downloading chrome agree google', 'google terms service chrome chromeos', 'downloading chrome agree google terms', 'downloading chrome agree google', 'chromeos additional terms service', 'terms service chrome chromeos', 'chromeos additional terms service downloading', 'additional terms service downloading chrome', 'google terms service chrome', 'agree google terms service chrome', 'chrome chromeos additional terms service', 'service chrome chromeos additional terms', 'terms service downloading chrome agree', 'terms service chrome chromeos additional', 'terms service chrome', 'chromeos additional terms', 'chrome agree google terms', 'terms service downloading chrome', 'chrome agree google terms service', 'service downloading chrome agree', 'service chrome', 'chrome chromeos additional terms', 'google cloud', 'downloading chrome agree', 'chrome agree google', 'google chrome', 'downloading chrome', 'service chrome chromeos', 'service downloading chrome', 'service chrome chromeos additional']","['google', 'chrome', 'cloud', 'firefox', 'service', 'terms service', 'data', 'terms', 'translate', 'browser']","['service downloading chrome agree google', 'google terms service chrome chromeos', 'downloading chrome agree google terms', 'chromeos additional terms service', 'chromeos additional terms service downloading', 'additional terms service downloading chrome', 'agree google terms service chrome', 'terms service downloading chrome agree', 'terms service chrome', 'terms service downloading chrome']","['\n        Google Cloud Services Terms of Service Data & Privacy Policy Translate Browser', '', '', '', '', '', '', '', '', '']",
25,24,21,24_ix_title ix_title_coordinator,"['ix', 'title ix', 'title', 'coordinator', 'title ix coordinator', 'ix coordinator', 'coordinators', 'ocr', 'ix coordinators', 'title ix coordinators']","['title ix coordinators', 'title ix coordinator', 'title ix resource', 'title ix resource guide', 'title ix', 'ix coordinators', 'ix coordinator', 'ix resource guide', 'ix resource', 'ix', 'document formally rescinded department', 'document formally rescinded department remains', 'rescinded department', 'rescinded document formally rescinded department', 'formally rescinded department', 'coordinator', 'available http www ed gov', 'rescinded department remains available web', 'formally rescinded department remains available', 'compliance', 'civil rights', 'coordinators', 'www ed gov', 'rescinded department remains available', 'http www ed gov', 'formally rescinded department remains', 'harassment', 'ed gov', 'rescinded department remains', 'discrimination']","['ix', 'title ix', 'title', 'coordinator', 'title ix coordinator', 'ix coordinator', 'coordinators', 'ocr', 'ix coordinators', 'title ix coordinators']","['title ix coordinators', 'ix resource guide', 'document formally rescinded department', 'document formally rescinded department remains', 'formally rescinded department', 'rescinded department remains available web', 'formally rescinded department remains available', 'rescinded department remains available', 'formally rescinded department remains', 'rescinded department remains']","['\n        Title IX Compliance: Role of the Title IX Coordinator', '', '', '', '', '', '', '', '', '']",
26,25,20,25_harassment prevention_sexual harassment prevention_prevention_harassment,"['harassment prevention', 'sexual harassment prevention', 'prevention', 'harassment', 'sexual harassment', 'sexual', 'italian', 'model', 'training', 'urdu']","['sexual harassment prevention training', '04 sexual harassment prevention training', 'sexual harassment prevention model training', 'standards sexual harassment prevention', '07 sexual harassment prevention faqs', 'sexual harassment prevention', 'minimum standards sexual harassment prevention', '04 sexual harassment prevention', 'sexual harassment prevention training slides', '03 sexual harassment prevention model', '03 sexual harassment prevention', 'harassment prevention training', 'sexual harassment worker toolkit', 'harassment prevention model training', 'harassment prevention model training script', 'minimum standards sexual harassment', 'standards sexual harassment', 'sexual harassment employer toolkit', 'harassment prevention training slides', 'sexual harassment worker', 'harassment prevention', '06 sexual harassment worker toolkit', '05 sexual harassment employer toolkit', 'sexual harassment employer', 'sexual harassment model', '02 sexual harassment model', 'sexual harassment', '06 sexual harassment worker', '05 sexual harassment employer', '05 sexual harassment']","['harassment prevention', 'sexual harassment prevention', 'prevention', 'harassment', 'sexual harassment', 'sexual', 'italian', 'model', 'training', 'urdu']","['04 sexual harassment prevention training', 'sexual harassment prevention model training', '07 sexual harassment prevention faqs', 'minimum standards sexual harassment prevention', 'sexual harassment prevention training slides', '03 sexual harassment prevention', 'sexual harassment worker toolkit', 'harassment prevention model training script', 'standards sexual harassment', 'harassment prevention training slides']","[""\n        [/INST]\n        The topic is described by the following keywords: 'harassment prevention, sexual harassment prevention, prevention, harassment, sexual harassment, sexual, italian, model, training, urdu'.\n"", '', '', '', '', '', '', '', '', '']",
27,26,20,26_coordinator_title ix_ix_title,"['coordinator', 'title ix', 'ix', 'title', 'title ix coordinator', 'ix coordinator', 'recipient', 'sexual', 'sexual harassment', 'harassment']","['title ix coordinator contact information', 'title ix coordinator contact', 'ix coordinator contact information', 'title ix coordinators', 'listed title ix coordinator', 'title ix coordinator', 'ix coordinator contact', 'recipient title ix', 'listed title ix', 'title ix', 'ix coordinator', 'ix coordinators', 'person report sexual harassment', 'report sexual harassment', 'sexual harassment', 'harassment', 'coordinator contact information', 'sexual harassment person', 'person report sexual', 'harassment person', 'recipient title', 'ix', 'coordinator contact', 'report sexual', 'formal complaint', 'contact information', 'recipients', 'person report', 'recipient', 'complaint']","['coordinator', 'title ix', 'ix', 'title', 'title ix coordinator', 'ix coordinator', 'recipient', 'sexual', 'sexual harassment', 'harassment']","['title ix coordinator contact information', 'title ix coordinator contact', 'ix coordinator contact information', 'title ix coordinators', 'listed title ix coordinator', 'title ix coordinator', 'ix coordinator contact', 'recipient title ix', 'ix coordinators', 'report sexual harassment']","['\n        Title IX Coordinator Responsibilities', '', '', '', '', '', '', '', '', '']",
28,27,20,27_removal_emergency_emergency removal_respondent,"['removal', 'emergency', 'emergency removal', 'respondent', '106 44', '106', '44', 'safety', 'threat', 'health safety']","['emergency removal', 'grievance process', 'removal decision', 'grievance', 'harassment', 'court order vacated following', 'sexual harassment', 'court order vacated', 'court order', 'federal court order vacated following', 'federal court order vacated', 'federal court order', 'court order vacated following language', 'immediate threat', 'emergency', 'threat physical', 'order vacated following', 'order vacated', 'removal', 'regarding responsibility', 'order vacated following language 34', 'federal court', 'order vacated following language', 'allegations', 'physical health safety', 'removals', 'regulations', 'safety risk', 'determination regarding responsibility', 'post removal']","['removal', 'emergency', 'emergency removal', 'respondent', '106 44', '106', '44', 'safety', 'threat', 'health safety']","['emergency removal', 'grievance process', 'removal decision', 'court order vacated following', 'sexual harassment', 'court order vacated', 'federal court order vacated following', 'court order vacated following language', 'order vacated following', 'order vacated following language 34']","['\n        [/ASS]\n        ""Emergency Removal for Immediate Threats to Health or Safety""', '', '', '', '', '', '', '', '', '']",
29,28,20,28_informal_resolution_informal resolution_process,"['informal', 'resolution', 'informal resolution', 'process', 'resolution process', 'informal resolution process', 'mediation', 'parties', 'department', '106']","['informal resolution', 'informal resolution process', 'sexual harassment', 'offer informal resolution', 'mediation', 'federal court order', 'court order vacated following', 'court order vacated', 'federal court order vacated following', 'court', 'regarding responsibility', 'court order vacated following language', 'reaching determination regarding responsibility', '2021 appeals pending', 'federal court', 'july 28 2021 appeals pending', 'federal court order vacated', 'resolution process', 'appeals pending', '2021 appeals', 'final regulations', '28 2021 appeals pending', 'determination regarding responsibility', '2021 appeals pending 1st cir', 'july 28 2021 appeals', 'appeals pending 1st cir', '2021 appeals pending 1st', '28 2021 appeals', '28 2021 appeals pending 1st', 'appeals pending 1st']","['informal', 'resolution', 'informal resolution', 'process', 'resolution process', 'informal resolution process', 'mediation', 'parties', 'department', '106']","['informal resolution', 'informal resolution process', 'sexual harassment', 'offer informal resolution', 'mediation', 'federal court order', 'federal court order vacated following', 'court', 'final regulations', '2021 appeals pending 1st cir']","['\n        Informal Resolution Process for Sexual Harassment Allegations', '', '', '', '', '', '', '', '', '']",
30,29,20,29_speech_amendment_harassment_sexual,"['speech', 'amendment', 'harassment', 'sexual', 'offensive', 'free', 'court', 'conduct', 'sexual harassment', 'davis']","['offensive speech', 'harassment', 'sexual harassment', 'free speech', 'discrimination', 'enforce', 'conduct', 'amendment', 'title ix', 'speech', 'offensive', 'july 28 2021 appeals pending', '2021 appeals', 'july 28 2021 appeals', 'hostile', 'protected', '2021 appeals pending', 'supreme court', 'violence', '28 2021 appeals', '28 2021 appeals pending', 'rights', 'commenters cited', 'law', 'protection', 'federal court', '2021 appeals pending 1st cir', 'constitutional', 'verbal', '2021 appeals pending 1st']","['speech', 'amendment', 'harassment', 'sexual', 'offensive', 'free', 'court', 'conduct', 'sexual harassment', 'davis']","['offensive speech', 'sexual harassment', 'discrimination', 'enforce', 'amendment', 'title ix', '2021 appeals', 'july 28 2021 appeals', 'supreme court', '2021 appeals pending 1st cir']","['\n        Label: ""Free Speech vs. Sexual Harassment: Balancing First Amendment Protection and Non-Discrimination Requirements""', '', '', '', '', '', '', '', '', '']",
31,30,19,30_sexual harassment prevention_harassment prevention_harassment_prevention,"['sexual harassment prevention', 'harassment prevention', 'harassment', 'prevention', 'sexual harassment', 'sexual', 'toolkit', 'model', 'training', 'korean']","['07 sexual harassment prevention faqs', '04 sexual harassment prevention training', 'sexual harassment prevention faqs', 'sexual harassment prevention training', 'sexual harassment worker toolkit', 'sexual harassment prevention model training', 'harassment prevention model training script', 'sexual harassment employer toolkit', 'sexual harassment prevention training slides', 'harassment prevention model training', 'harassment prevention training slides', 'harassment prevention training', '04 sexual harassment prevention', 'harassment prevention faqs', '05 sexual harassment employer toolkit', 'standards sexual harassment prevention', '07 sexual harassment prevention', '06 sexual harassment worker toolkit', '03 sexual harassment prevention', 'sexual harassment prevention', '03 sexual harassment prevention model', 'minimum standards sexual harassment prevention', 'harassment worker toolkit', 'sexual harassment prevention model', 'harassment employer toolkit', 'harassment model policy', 'standards sexual harassment', 'sexual harassment model policy', 'sexual harassment worker', 'harassment prevention']","['sexual harassment prevention', 'harassment prevention', 'harassment', 'prevention', 'sexual harassment', 'sexual', 'toolkit', 'model', 'training', 'korean']","['07 sexual harassment prevention faqs', '04 sexual harassment prevention training', 'sexual harassment prevention faqs', 'sexual harassment worker toolkit', 'sexual harassment prevention model training', 'harassment prevention model training script', 'sexual harassment prevention training slides', 'harassment prevention faqs', '07 sexual harassment prevention', 'standards sexual harassment']","['\n        [/ASS]\n        ""Sexual Harassment Prevention: Toolkit & Model Training (Korean)""', '', '', '', '', '', '', '', '', '']",
32,31,19,31_party_106_department_2021,"['party', '106', 'department', '2021', 'party witness', 'witness', 'recipients', 'recipient', 'activity', 'program activity']","['determination regarding responsibility victim rights', 'reaching determination regarding responsibility victim', 'determination regarding responsibility victim', 'mass july 28 2021 appeals', 'appeals', 'department longer enforce portion', 'department longer enforce', 'harassment', 'witness does cross examination', 'department longer enforce portion provision', 'rights law', 'witness does cross examination live', 'regarding responsibility', 'party witness does cross examination', 'does cross examination live hearing', 'enforce', 'enforce portion', 'education program activity', 'longer enforce portion', 'determination regarding responsibility', 'sexual harassment', 'education program', 'law', 'witness', 'title ix', 'students', 'rights', 'responsibility', 'witness does cross', 'live hearing']","['party', '106', 'department', '2021', 'party witness', 'witness', 'recipients', 'recipient', 'activity', 'program activity']","['determination regarding responsibility victim rights', 'reaching determination regarding responsibility victim', 'appeals', 'department longer enforce portion', 'witness does cross examination', 'witness does cross examination live', 'party witness does cross examination', 'education program activity', 'witness', 'title ix']","['\n        Label: Department Regulation Changes for Party and Witness Testimony in Response to Sexual Harassment Allegations', '', '', '', '', '', '', '', '', '']",
33,32,19,32_leg ch_sec_leg_eff,"['leg ch', 'sec', 'leg', 'eff', 'eff june', 'ch', 'acts', 'june', 'id', '30']","['16 2015 acts 2015 84th', 'acts 2015 84th leg ch', '17 2011 acts 2011 82nd', 'acts 2015 84th', '2015 acts 2015 84th', 'acts 2011 82nd', '2011 acts 2011 82nd', 'eff june 16 2015 acts', 'eff june 10 2013 acts', 'acts 2015 84th leg', 'june 16 2015 acts 2015', 'acts 2011 82nd leg ch', 'eff june 17 2011 acts', '2015 acts 2015 84th leg', '17 2011 acts 2011', 'june 16 2015 acts', '16 2015 acts 2015', '2011 acts 2011 82nd leg', 'june 10 2013 acts', '16 2015 acts', 'june 17 2011 acts 2011', 'acts 2011 82nd leg', '17 2011 acts', 'june 17 2011 acts', '10 2013 acts', '2015 acts 2015', '2015 acts', '2011 acts 2011', 'acts', 'acts 2015']","['leg ch', 'sec', 'leg', 'eff', 'eff june', 'ch', 'acts', 'june', 'id', '30']","['16 2015 acts 2015 84th', '17 2011 acts 2011 82nd', '2015 acts 2015 84th', 'eff june 16 2015 acts', 'june 16 2015 acts 2015', '2015 acts 2015 84th leg', '2011 acts 2011 82nd leg', '16 2015 acts', '10 2013 acts', '2015 acts']","['\n        [/ASS]\n        ""Legislative Changes: Effective Dates""', '', '', '', '', '', '', '', '', '']",
34,33,19,33_standard_evidence_evidence standard_preponderance,"['standard', 'evidence', 'evidence standard', 'preponderance', 'preponderance evidence', 'preponderance evidence standard', 'convincing', 'clear convincing', 'clear convincing evidence', 'convincing evidence']","['preponderance evidence standard', 'preponderance evidence standard used', 'use preponderance evidence standard', 'evidence standard used', 'evidence standard', 'preponderance evidence standard clear', 'evidence standard clear', 'standard clear convincing evidence standard', 'standard evidence', 'convincing evidence standard', 'clear convincing evidence standard', 'preponderance evidence standard clear convincing', 'use preponderance evidence', 'evidence standard clear convincing', 'evidence standard clear convincing evidence', 'standard clear convincing evidence', 'preponderance evidence', 'misconduct', 'formal complaints', 'standards', 'sexual misconduct', 'appeals', 'disciplinary', 'standard clear convincing', 'appeals pending', 'final regulations', 'appeals pending 1st', '2021 appeals pending', 'appeals pending 1st cir', 'july 28 2021 appeals pending']","['standard', 'evidence', 'evidence standard', 'preponderance', 'preponderance evidence', 'preponderance evidence standard', 'convincing', 'clear convincing', 'clear convincing evidence', 'convincing evidence']","['preponderance evidence standard', 'preponderance evidence standard used', 'use preponderance evidence standard', 'evidence standard used', 'preponderance evidence standard clear', 'evidence standard clear', 'standard clear convincing evidence standard', 'preponderance evidence standard clear convincing', 'use preponderance evidence', '2021 appeals pending']","['\n        Label: Title IX Evidence Standards', '', '', '', '', '', '', '', '', '']",
35,34,18,34_texas_higher_higher education_texas higher,"['texas', 'higher', 'higher education', 'texas higher', 'texas higher education', 'education', 'thecb', 'board', 'texas higher education coordinating board', 'texas higher education coordinating']","['texas higher education accountability', 'higher education coordinating board texas', 'texas higher education', 'texas higher education coordinating board', 'texas higher education coordinating', 'education coordinating board texas', 'texas higher', 'board texas', 'higher education accountability', 'higher education coordinating board', 'higher education coordinating', 'coordinating board texas', 'texas public', 'education coordinating board', 'higher education', 'address texas', 'texas country economy', 'education accountability', 'community college', 'colleges', 'college', '2024 texas', 'education coordinating', 'far greater skills education credentials', 'require far greater skills education', 'texas', 'education', 'skills education credentials good', 'skills education credentials', 'institutions']","['texas', 'higher', 'higher education', 'texas higher', 'texas higher education', 'education', 'thecb', 'board', 'texas higher education coordinating board', 'texas higher education coordinating']","['texas higher education accountability', 'higher education coordinating board texas', 'texas higher education coordinating board', 'texas higher education coordinating', 'education coordinating board texas', 'higher education coordinating board', 'education coordinating board', 'colleges', 'education coordinating', 'far greater skills education credentials']","['\n        Environmental Impacts of Eating Meat\n        \n        [INST]\n        I have a topic that contains the following documents:\n        - The environmental impact of eating meat is significant. According to the United Nations Food and Agriculture', '', '', '', '', '', '', '', '', '']",
36,35,18,35_institution_institution higher education_institution higher_higher education,"['institution', 'institution higher education', 'institution higher', 'higher education', 'higher', 'education', 'contract', 'section', 'board', 'governing']","['institution higher education', 'governing board institution higher education', 'institution higher', 'institution', 'board institution higher education', 'board institution higher', 'board institution', 'governing board institution higher', 'section institution higher', 'food service provider', 'section institution', 'section institution higher education', 'higher education', 'governing board institution', 'food service', 'student', 'payroll', 'contracts', 'payroll deduction', 'contract', 'service provider', 'policies', 'contract transaction', 'services', 'governing board', 'education', 'merchandise service', 'officers employees', 'goods services', 'secondary education']","['institution', 'institution higher education', 'institution higher', 'higher education', 'higher', 'education', 'contract', 'section', 'board', 'governing']","['governing board institution higher education', 'institution higher', 'board institution higher education', 'board institution higher', 'board institution', 'governing board institution higher', 'section institution higher', 'section institution', 'food service', 'officers employees']","['\n        Label: Institutional Contracts in Higher Education', '', '', '', '', '', '', '', '', '']",
37,36,17,36_institution_student_higher education_higher,"['institution', 'student', 'higher education', 'higher', 'education', 'section', 'health', 'institution higher education', 'institution higher', 'medical']","['texas higher education coordinating board', 'texas higher education coordinating', 'higher education coordinating board', 'texas higher education', 'higher education coordinating', 'education coordinating board', 'education private independent institution higher', 'higher education private independent institution', 'independent institution higher education', 'education private independent institution', 'private independent institution higher education', 'institution higher education private independent', 'higher education shall', 'private independent institution higher', 'institution higher education private', 'education coordinating', 'higher education private independent', 'independent institution higher', 'student', 'institution higher education', 'public junior college', 'medical school university texas', 'students', 'school university texas', 'higher education private', 'education private independent', 'institution higher', 'university texas', 'private independent institution', 'education private']","['institution', 'student', 'higher education', 'higher', 'education', 'section', 'health', 'institution higher education', 'institution higher', 'medical']","['texas higher education coordinating board', 'texas higher education coordinating', 'higher education coordinating board', 'higher education coordinating', 'education private independent institution higher', 'higher education private independent institution', 'private independent institution higher education', 'private independent institution higher', 'independent institution higher', 'public junior college']","['\n        Label: Institutional Requirements for Student Health in Higher Education', '', '', '', '', '', '', '', '', '']",
38,37,16,37_funds_bonds_fund_board,"['funds', 'bonds', 'fund', 'board', 'shall', 'governing board', 'institution', 'governing', 'higher education', 'higher']","['funds described section', 'educational general funds', 'funds described', 'institutional funds', 'general funds', 'endowment funds', 'funds', 'trust funds', 'authorizing issuance', 'state treasury', 'money fund', 'fund', 'depository', 'issuance bonds', 'unclaimed money fund', 'deposits', 'bonds issued', 'deposit', 'treasury', 'endowment', 'investments', 'general revenue', 'investment', 'governing board institution', 'board institution', 'banks', 'bank', 'institution', 'receipts', 'unclaimed money']","['funds', 'bonds', 'fund', 'board', 'shall', 'governing board', 'institution', 'governing', 'higher education', 'higher']","['funds described section', 'educational general funds', 'funds described', 'institutional funds', 'general funds', 'endowment funds', 'trust funds', 'depository', 'unclaimed money fund', 'bonds issued']","['\n        Label: Governing Board Fund Management for Institutions of Higher Education', '', '', '', '', '', '', '', '', '']",
39,38,16,38_department_106_process_recipient,"['department', '106', 'process', 'recipient', '2021', 'commenters', 'sexual', 'ix', 'title ix', 'regulations']","['sexual harassment', 'harassment', 'grievance process', 'grievance', 'enforce', 'allegations', 'complaint', 'department longer enforce', 'longer enforce', 'cir department longer enforce', 'title ix', '1st cir department longer enforce', 'mass july 28 2021 appeals', 'cir department longer enforce portion', 'department longer enforce portion', 'enforce portion', 'complainant', 'appeals pending 1st cir department', 'longer enforce portion', 'final regulations', 'department longer enforce portion provision', 'cardona 20 cv 11104 2021', 'ix', 'cardona 20 cv', 'cardona 20', 'cardona 20 cv 11104', 'regulations', 'pending 1st cir department', 'pending 1st cir department longer', 'cir department']","['department', '106', 'process', 'recipient', '2021', 'commenters', 'sexual', 'ix', 'title ix', 'regulations']","['sexual harassment', 'grievance process', 'department longer enforce', 'cir department longer enforce', 'title ix', '1st cir department longer enforce', 'mass july 28 2021 appeals', 'cir department longer enforce portion', 'appeals pending 1st cir department', 'final regulations']","['\n        ""Title IX Final Rule: Implementation of Sexual Harassment Regulations""', '', '', '', '', '', '', '', '', '']",
40,39,15,39_kev_wa_ya_tus,"['kev', 'wa', 'ya', 'tus', 'na', 'cov', 'ah', 'siab', 'si', 'ng']","['tus kws', 'txiav txim siab', 'ed language assistance', 'language assistance ed', 'txim siab', 'language assistance ed gov', 'ed language assistance ed gov', 'ed language assistance ed', 'si lai', 'tsis txaus siab', 'ed language', 'acgif pof ix', 'ntsuam xyuas', 'cauk', 'kwa', 'dohtu le', 'dohtu', 'tus', 'cauk min', 'lai', 'txiav txim', 'kws', 'txaus siab', 'lus ix', 'xyuas', 'acgif pof', 'si', 'tog', 'txheej', 'thiab']","['kev', 'wa', 'ya', 'tus', 'na', 'cov', 'ah', 'siab', 'si', 'ng']","['tus kws', 'txiav txim siab', 'ed language assistance', 'language assistance ed', 'language assistance ed gov', 'ed language assistance ed gov', 'si lai', 'acgif pof ix', 'ntsuam xyuas', 'lus ix']","[""\n        The topic is described by the following keywords: 'kev, wa, ya, tus, na, cov, ah, siab, si, ng'.\n\n        Based on the information about the topic above, please create a"", '', '', '', '', '', '', '', '', '']",
41,40,15,40____,"['', '', '', '', '', '', '', '', '', '']","[' ix ', ' ix', 'ix ', ' ', '  ', '  ', ' ', ' ', ' ', ' ', ' ', ' ', ' ', ' ', ' ', ' ', ' ', ' ', ' ', ' ', ' ', ' ', ' ', ' ', ' ', ' ', ' ', ' ', ' ', ' ']","['', '', '', '', '', '', '', '', '', '']","[' ix ', ' ix', 'ix ', ' ', '  ', ' ', ' ', ' ', ' ', ' ']","['  ', '', '', '', '', '', '', '', '', '']",
42,41,15,41_school_gebser_harassment_guidance,"['school', 'gebser', 'harassment', 'guidance', 'davis', 'title', 'ix', 'title ix', 'sexual', 'gebser davis']","['monetary damages gebser', 'damages gebser', 'title ix', 'harassment student', 'sexual harassment', 'private lawsuit', 'harassment', 'gebser davis', 'money damages', 'monetary damages', 'lawsuit', 'gebser davis framework', 'enforcement', 'damages', 'liability', 'administrative enforcement', 'final regulations', 'liable', 'discrimination', 'gebser', 'revised guidance', 'proposed revised guidance', 'supreme court', 'education program', 'regulations', 'ix', 'court', '1997 guidance', 'davis', 'davis framework']","['school', 'gebser', 'harassment', 'guidance', 'davis', 'title', 'ix', 'title ix', 'sexual', 'gebser davis']","['monetary damages gebser', 'damages gebser', 'title ix', 'harassment student', 'sexual harassment', 'private lawsuit', 'money damages', 'monetary damages', 'damages', 'davis framework']","['\n        Title IX Guidance Regarding Harassment and Liability Standards', '', '', '', '', '', '', '', '', '']",
43,42,15,42_cross_cross examination_examination_rape,"['cross', 'cross examination', 'examination', 'rape', 'commenters', 'trauma', 'sexual', 'witness', 'victim', 'victims']","['sexual assault', 'regarding responsibility victim', 'assault', 'rape', 'witness does cross examination', 'party witness does cross examination', 'trauma informed', 'victims', 'witness does cross examination live', 'witness does cross', 'party witness does cross', 'victim', 'regarding responsibility', 'mass july 28 2021 appeals', 'trauma', 'does cross examination live hearing', 'witness', '45 party witness does cross', 'party witness', 'determination regarding responsibility', '45 party witness does', 'violence', 'does cross examination', 'cross examination', '1st cir department longer enforce', 'responsibility', '45 party witness', 'law', 'does cross examination live', 'commenters argued']","['cross', 'cross examination', 'examination', 'rape', 'commenters', 'trauma', 'sexual', 'witness', 'victim', 'victims']","['sexual assault', 'regarding responsibility victim', 'witness does cross examination', 'party witness does cross examination', 'trauma informed', 'witness does cross examination live', 'mass july 28 2021 appeals', '45 party witness does cross', 'cross examination', '1st cir department longer enforce']","['\n        Label: Trauma-Inducing Cross-Examination in Sexual Harassment Proceedings', '', '', '', '', '', '', '', '', '']",
44,43,15,43_consent_sexual_sexual assault_definition,"['consent', 'sexual', 'sexual assault', 'definition', 'assault', 'commenter', 'act', 'clery act', 'fbi', 'clery']","['affirmative consent', 'sexual assault', 'definition sexual assault', 'sexual harassment', 'sex offenses', 'consent', 'definition consent', 'definition sexual', 'rape', 'sexual act', 'harassment', 'assault', 'sexual activity', 'enforce', 'longer enforce', 'cir department longer enforce', 'regulations', 'sexual', 'offenses', 'title ix', 'clery act', '1st cir department longer enforce', 'cir department longer enforce portion', 'department longer enforce', 'enforce portion', 'conduct', 'longer enforce portion', 'department longer enforce portion', 'law', 'fbi ucr']","['consent', 'sexual', 'sexual assault', 'definition', 'assault', 'commenter', 'act', 'clery act', 'fbi', 'clery']","['affirmative consent', 'definition sexual assault', 'sexual harassment', 'definition consent', 'enforce', 'offenses', 'title ix', 'cir department longer enforce portion', 'conduct', 'fbi ucr']","['\n        Label: Defining Consent and Sexual Assault in Title IX Regulations', '', '', '', '', '', '', '', '', '']",
45,44,14,44_utah_legislative_senate_house,"['utah', 'legislative', 'senate', 'house', 'state', 'lake', 'salt lake', 'salt', 'session', 'budget']","['senate utah', 'utah senate', 'utah gov', 'utah house representatives', 'laws utah', 'utah 84114 telephone 801 538', 'utah 84114 telephone 801', 'utah 84114 telephone', 'city utah 84114 telephone', 'city utah 84114 telephone 801', 'utah 84114', 'utah', 'city utah 84114', 'lake city utah 84114 telephone', 'utah house', 'salt lake city utah 84114', 'lake city utah 84114', 'city utah', 'utahns', 'legislative fiscal analyst', 'legislature', 'salt lake city utah', 'utah state', 'lake city utah', 'legislative fiscal', 'legislative', 'legislative research general counsel', 'office legislative', 'legislative research general', 'senate']","['utah', 'legislative', 'senate', 'house', 'state', 'lake', 'salt lake', 'salt', 'session', 'budget']","['senate utah', 'utah senate', 'utah gov', 'utah house representatives', 'laws utah', 'utah 84114 telephone 801 538', 'utah 84114', 'city utah 84114', 'office legislative', 'senate']","['\n        Label: Utah Legislative Session and Budget', '', '', '', '', '', '', '', '', '']",
46,45,14,45_institution_higher education_higher_course,"['institution', 'higher education', 'higher', 'course', 'institution higher education', 'institution higher', 'education', 'section', 'student', 'program']","['texas higher education coordinating', 'institution higher education', 'texas higher education coordinating board', 'higher education coordinating', 'institutions higher education', 'higher education coordinating board', 'texas higher education', 'institution higher', 'public institution higher education', 'higher education', 'higher education shall', 'student exchange', 'public institution higher', 'institutions higher', 'semester', 'institution', 'teaching institution', 'education coordinating board', 'general academic teaching institution', 'national student exchange', 'courses', 'student exchange program', 'education coordinating', 'academic teaching institution', 'institutions', 'national student exchange program', 'student', 'institution internet website', 'information institution', 'institution internet']","['institution', 'higher education', 'higher', 'course', 'institution higher education', 'institution higher', 'education', 'section', 'student', 'program']","['texas higher education coordinating', 'institution higher education', 'texas higher education coordinating board', 'higher education coordinating', 'higher education coordinating board', 'texas higher education', 'public institution higher education', 'general academic teaching institution', 'national student exchange program', 'institution internet']","['\n        Label: Institutional Policies for Higher Education Programs', '', '', '', '', '', '', '', '', '']",
47,46,13,46_construction_construction manager_manager_board,"['construction', 'construction manager', 'manager', 'board', 'shall', 'board shall', 'manager risk', 'architect', 'engineer', 'construction manager risk']","['construction manager risk', 'construction manager agent', 'construction manager', 'construction documents', 'contractor', 'manager risk', 'board representative shall', 'design build firm', 'institution board shall select', 'engineer architect', 'contract', 'contracts', 'construction', 'manager agent', 'architect', 'institution engineer architect', 'board shall select', 'build firm', 'board representative', 'selection criteria', 'job order', 'institution engineer', 'institution board shall', 'manager', 'criteria', 'engineer', 'proposals board', 'selected offeror', 'shall select', 'design build']","['construction', 'construction manager', 'manager', 'board', 'shall', 'board shall', 'manager risk', 'architect', 'engineer', 'construction manager risk']","['construction manager risk', 'construction manager agent', 'construction manager', 'construction documents', 'design build firm', 'institution board shall select', 'engineer architect', 'institution engineer architect', 'board representative', 'job order']","['\n        Label: Construction Manager-At-Risk Selection Process', '', '', '', '', '', '', '', '', '']",
48,47,13,47_title_title ix_ix_harassment,"['title', 'title ix', 'ix', 'harassment', 'sexual', 'school', 'sexual harassment', 'final rule', 'discrimination', 'rule']","['education title ix final rule', 'department education title ix', 'provisions department education title ix', 'education title ix', 'department education title ix final', 'education title ix final', 'title ix coordinator', 'title ix final rule', 'title ix', 'title ix final', 'provisions department education title', 'sexual harassment', 'ix coordinator', 'major provisions department education title', 'discriminatory harassment', 'department education title', 'ix final rule', 'education title', 'harassment', 'summary major provisions department education', 'provisions department education', 'school education program', 'ix', 'school education program activity', 'ix final', 'discrimination policy procedures filing internal', '830 anti discrimination policy procedures', 'discrimination policy procedures', 'major provisions department education', 'school education']","['title', 'title ix', 'ix', 'harassment', 'sexual', 'school', 'sexual harassment', 'final rule', 'discrimination', 'rule']","['education title ix final rule', 'department education title ix', 'provisions department education title ix', 'education title ix', 'department education title ix final', 'education title ix final', 'title ix coordinator', 'title ix', 'major provisions department education title', '830 anti discrimination policy procedures']","['\n        Title IX: Final Rule on Sexual Harassment in Schools', '', '', '', '', '', '', '', '', '']",
49,48,13,48_sex_recipient_students_recipient shall,"['sex', 'recipient', 'students', 'recipient shall', 'members', 'basis', 'shall', 'members sex', 'pregnancy', 'activity']","['provided students sex', 'interscholastic intercollegiate club intramural', 'intercollegiate club intramural', 'intercollegiate club intramural athletics', 'interscholastic intercollegiate club intramural athletics', 'students sex', 'intramural athletics', 'club intramural athletics', 'interscholastic intercollegiate', 'interscholastic intercollegiate club', 'scholarships', 'club intramural', 'intercollegiate', 'provided students', 'intercollegiate club', 'extracurricular activity', 'intramural', 'athletics', 'members sex', 'extracurricular', 'class extracurricular', 'class extracurricular activity', 'recipient operates sponsors', 'education program activity', 'participation', 'shall basis sex', 'financial assistance', 'restricted', 'student', 'recipient shall']","['sex', 'recipient', 'students', 'recipient shall', 'members', 'basis', 'shall', 'members sex', 'pregnancy', 'activity']","['provided students sex', 'interscholastic intercollegiate club intramural', 'intercollegiate club intramural', 'intercollegiate club intramural athletics', 'interscholastic intercollegiate club intramural athletics', 'interscholastic intercollegiate', 'interscholastic intercollegiate club', 'extracurricular activity', 'class extracurricular', 'class extracurricular activity']","[""\n        Label: Sex Discrimination in Recipient's Educational Programs and Activities"", '', '', '', '', '', '', '', '', '']",
50,49,12,49_house_legislation_opposite house_committee,"['house', 'legislation', 'opposite house', 'committee', 'opposite', 'house origin', 'csv', 'session', 'origin', 'primary']","['house date legislation', 'opposite house date legislation', 'legislative data', 'house origin date legislation', 'legislation heard', 'legislative', 'legislation', 'date legislation', 'legislation introduced', 'secondary committee', 'senate', 'primary committee', 'origin date legislation', 'committee', 'chamber', 'reading action', 'house origin date', 'primary secondary', 'action opposite house', 'chambers', 'reading date', 'format', 'favorable amendment', 'column description', 'action house', 'house date', 'primary', 'action house origin', 'passed', 'file']","['house', 'legislation', 'opposite house', 'committee', 'opposite', 'house origin', 'csv', 'session', 'origin', 'primary']","['house date legislation', 'opposite house date legislation', 'legislative data', 'house origin date legislation', 'legislative', 'date legislation', 'legislation introduced', 'secondary committee', 'senate', 'format']","['\n        Legislative Process in the House of Origin', '', '', '', '', '', '', '', '', '']",
51,50,12,50_county_civ_code_shall,"['county', 'civ', 'code', 'shall', 'court', 'trial', 'code 15', 'county court', 'judge', 'jury']","['county court shall', 'county court', 'circuit court', 'county judge', 'court shall', 'court', 'county solicitor', 'supreme court south carolina', 'supreme court south', 'jurisdiction', 'grand jury', 'judge', 'county', 'defendant', '1900 23 322 section 14', 'solicitor', 'jury', 'attorneys', 'juror', '322 section 14', 'section 14', 'attorney', 'clerk', '23 322 section 14', 'state', 'counsel', 'appointed', '1962 code 15', 'sessions', 'penalty']","['county', 'civ', 'code', 'shall', 'court', 'trial', 'code 15', 'county court', 'judge', 'jury']","['county court shall', 'county court', 'circuit court', 'county judge', 'court', 'county solicitor', 'supreme court south carolina', 'supreme court south', 'grand jury', '1962 code 15']","['\n        County Court Procedures', '', '', '', '', '', '', '', '', '']",
52,51,11,51_applicant_institution_student_general academic teaching,"['applicant', 'institution', 'student', 'general academic teaching', 'academic teaching', 'general academic', 'academic', 'academic teaching institution', 'general academic teaching institution', 'teaching institution']","['admissions competitive scholarship process', 'admissions competitive scholarship', 'applicant admission', 'admissions', 'scholarship process', 'competitive scholarship process', 'admissions competitive', 'applicant performance', 'applicant performance standardized', 'competitive scholarship', 'admission', 'scholarship', 'enrollment', 'undergraduate student', 'higher education', 'graduate professional program', 'undergraduate', 'institution higher education', 'applicant', 'graduate', 'academic', 'institution higher', 'college', 'graduate professional', 'student', 'college university', 'education', 'general academic', 'semester', 'requirements']","['applicant', 'institution', 'student', 'general academic teaching', 'academic teaching', 'general academic', 'academic', 'academic teaching institution', 'general academic teaching institution', 'teaching institution']","['admissions competitive scholarship process', 'admissions competitive scholarship', 'applicant admission', 'scholarship process', 'competitive scholarship process', 'admissions competitive', 'applicant performance standardized', 'competitive scholarship', 'graduate professional program', 'institution higher education']","['\n        Label: Admission Criteria for General Academic Teaching Institutions', '', '', '', '', '', '', '', '', '']",
53,52,11,52_materials_atixa_training_electronic,"['materials', 'atixa', 'training', 'electronic', 'material', 'board', 'copy', 'instructional material', 'institution', 'instructional']","['requested electronic copy', 'electronic copy instructional material', 'forms', 'electronic copy instructional', 'form adopted section', 'electronic copy', 'admission application', 'form adopted', 'application form', 'copy instructional material', 'copy instructional', 'form', 'admission', 'requested electronic', 'applicant', 'institution higher education', 'adopted section', 'student', 'institution higher', 'instructional material', 'transcript', 'application', 'institution', 'section', 'higher education', 'format', 'training materials', 'disabilities', 'copy', 'education']","['materials', 'atixa', 'training', 'electronic', 'material', 'board', 'copy', 'instructional material', 'institution', 'instructional']","['requested electronic copy', 'electronic copy instructional material', 'electronic copy instructional', 'form adopted section', 'admission application', 'application form', 'copy instructional material', 'requested electronic', 'institution higher education', 'transcript']","['\n        Electronic Access to Instructional Materials for Institutions', '', '', '', '', '', '', '', '', '']",
54,53,11,53_sexual_harassment_sexual harassment_sex,"['sexual', 'harassment', 'sexual harassment', 'sex', 'definition', 'conduct', 'davis', 'department', 'title', 'severe']","['definition sexual harassment', 'sexual harassment', 'harassment', 'conduct sexual', 'sex discrimination', 'conduct sexual nature', 'discrimination', 'title ix', 'definition sexual', 'severe pervasive objectively offensive', 'conduct', 'sexual nature', 'assault', 'pervasive objectively offensive', 'final regulations', 'regulations', 'objectively offensive', 'sexual', 'victim', 'offensive', 'ix', 'july 28 2021 appeals pending', '2021 appeals pending', 'supreme court', '2021 appeals', 'july 28 2021 appeals', '28 2021 appeals pending', '28 2021 appeals', 'appeals pending', 'court']","['sexual', 'harassment', 'sexual harassment', 'sex', 'definition', 'conduct', 'davis', 'department', 'title', 'severe']","['definition sexual harassment', 'sexual harassment', 'sex discrimination', 'conduct sexual nature', 'title ix', 'severe pervasive objectively offensive', 'assault', 'final regulations', 'supreme court', '28 2021 appeals pending']","[""\n        Environmental Impacts of Eating Meat\n        \n        [/INST]\n        \n        The topic is described by the following keywords:'meat, beef, eat, eating, emissions, steak, food, health,"", '', '', '', '', '', '', '', '', '']",
55,54,10,54_school_complaint_ix_title ix,"['school', 'complaint', 'ix', 'title ix', 'formal', 'title', 'question', 'formal complaint', 'sexual', 'conduct']","['title ix grievance process', 'title ix grievance', 'title ix coordinator', 'title ix', 'ix grievance process', 'ix coordinator', 'filing formal complaint', 'ix grievance', 'formal complaint', 'harassment', 'sexual harassment', 'grievance process', 'misconduct', 'sexual misconduct', 'ix', 'allegations', 'complaint', 'grievance', 'school required', 'written notice', 'complainant', 'code conduct', 'conduct', 'dismiss', 'school use', 'investigation', 'filing formal', 'schools', 'law', 'victim']","['school', 'complaint', 'ix', 'title ix', 'formal', 'title', 'question', 'formal complaint', 'sexual', 'conduct']","['title ix grievance process', 'title ix grievance', 'title ix coordinator', 'ix grievance process', 'ix coordinator', 'filing formal complaint', 'ix grievance', 'sexual harassment', 'misconduct', 'school required']","['\n        Title IX Complaint Procedures', '', '', '', '', '', '', '', '', '']",
56,55,10,55_consent_evidence_sexual behavior_sexual,"['consent', 'evidence', 'sexual behavior', 'sexual', 'rape shield', 'shield', 'behavior', 'rape', 'complainant', 'respondent']","['rape shield protections', 'rape shield language', 'complainant sexual behavior', 'complainant sexual', 'rape shield', 'consent', 'rape', 'prior sexual behavior', 'definition consent', 'evidence complainant', 'protections', 'questions evidence complainant', 'sexual behavior', 'court order', 'prior sexual', '2021 appeals', '2021 appeals pending', 'july 28 2021 appeals pending', 'sexual history', 'appeals pending', 'court', 'appeals', 'july 28 2021 appeals', '28 2021 appeals pending', '28 2021 appeals', 'shield protections', '2021 appeals pending 1st', 'appeals pending 1st', 'victim', '28 2021 appeals pending 1st']","['consent', 'evidence', 'sexual behavior', 'sexual', 'rape shield', 'shield', 'behavior', 'rape', 'complainant', 'respondent']","['rape shield protections', 'rape shield language', 'complainant sexual behavior', 'rape shield', 'consent', 'protections', 'questions evidence complainant', '2021 appeals pending', 'court', 'appeals']","['\n        Sexual Behavior and Consent Protections in Campus Grievance Processes', '', '', '', '', '', '', '', '', '']",
57,56,10,56_percent_sexual_commenters cited_cited,"['percent', 'sexual', 'commenters cited', 'cited', 'women', 'assault', 'commenters', 'violence', 'rape', 'sexual assault']","['sexual harassment', 'sexual violence', 'rape sexual assault', 'sexual assault', 'harassment', 'rape sexual', 'victimization', 'rape', 'assault', 'percent heterosexual', 'violence', 'students', 'victim', 'percent bisexual', 'victims', 'reported', 'sexual', 'heterosexual', 'schools', 'girls', 'sexually', 'youth', 'transgender', 'lesbian', 'cir department longer enforce', '2021 appeals pending', 'school', 'july 28 2021 appeals pending', 'consequences', '2021 appeals']","['percent', 'sexual', 'commenters cited', 'cited', 'women', 'assault', 'commenters', 'violence', 'rape', 'sexual assault']","['sexual harassment', 'sexual violence', 'rape sexual assault', 'sexual assault', 'percent bisexual', 'reported', 'schools', 'cir department longer enforce', '2021 appeals pending', '2021 appeals']","['\n        Percentages of Sexual Assault and Violence Against Women, Men, and LGBTQ Individuals', '', '', '', '', '', '', '', '', '']",
